x0, x1, x2, y0, y1, y2
0, 1, 2, 3, 0, 0
0, 1, 3, 4, 0, 0
0, 1, 4, 5, 0, 0
0, 1, 5, 6, 0, 0
0, 1, 6, 7, 0, 0
0, 1, 7, 8, 0, 0
0, 1, 8, 9, 0, 0
0, 1, 9, 10, 0, 0
0, 1, 10, 11, 0, 0
0, 1, 11, 12, 0, 0
0, 1, 12, 13, 0, 0
0, 1, 31, 32, 0, 0
0, 1, 14, 15, 0, 0
0, 1, 15, 16, 0, 0
0, 1, 16, 17, 0, 0
0, 1, 17, 18, 0, 0
0, 1, 18, 19, 0, 0
0, 1, 19, 20, 0, 0
0, 1, 20, 21, 0, 0
0, 2, 3, 5, 0, 0
0, 2, 4, 6, 0, 0
0, 2, 5, 7, 0, 0
0, 2, 6, 8, 0, 0
0, 2, 7, 9, 0, 0
0, 2, 8, 10, 0, 0
0, 2, 9, 11, 0, 0
0, 2, 10, 12, 0, 0
0, 2, 11, 13, 0, 0
0, 2, 12, 14, 0, 0
0, 2, 31, 33, 0, 0
0, 2, 14, 16, 0, 0
0, 2, 15, 17, 0, 0
0, 2, 16, 18, 0, 0
0, 2, 17, 19, 0, 0
0, 2, 18, 20, 0, 0
0, 2, 19, 21, 0, 0
0, 2, 20, 22, 0, 0
0, 3, 4, 7, 0, 0
0, 3, 5, 8, 0, 0
0, 3, 6, 9, 0, 0
0, 3, 7, 10, 0, 0
0, 3, 8, 11, 0, 0
0, 3, 9, 12, 0, 0
0, 3, 10, 13, 0, 0
0, 3, 11, 14, 0, 0
0, 3, 12, 15, 0, 0
0, 3, 31, 34, 0, 0
0, 3, 14, 17, 0, 0
0, 3, 15, 18, 0, 0
0, 3, 16, 19, 0, 0
0, 3, 17, 20, 0, 0
0, 3, 18, 21, 0, 0
0, 3, 19, 22, 0, 0
0, 3, 20, 23, 0, 0
0, 4, 5, 9, 0, 0
0, 4, 6, 10, 0, 0
0, 4, 7, 11, 0, 0
0, 4, 8, 12, 0, 0
0, 4, 9, 13, 0, 0
0, 4, 10, 14, 0, 0
0, 4, 11, 15, 0, 0
0, 4, 12, 16, 0, 0
0, 4, 31, 35, 0, 0
0, 4, 14, 18, 0, 0
0, 4, 15, 19, 0, 0
0, 4, 16, 20, 0, 0
0, 4, 17, 21, 0, 0
0, 4, 18, 22, 0, 0
0, 4, 19, 23, 0, 0
0, 4, 20, 24, 0, 0
0, 5, 6, 11, 0, 0
0, 5, 7, 12, 0, 0
0, 5, 8, 13, 0, 0
0, 5, 9, 14, 0, 0
0, 5, 10, 15, 0, 0
0, 5, 11, 16, 0, 0
0, 5, 12, 17, 0, 0
0, 5, 31, 36, 0, 0
0, 5, 14, 19, 0, 0
0, 5, 15, 20, 0, 0
0, 5, 16, 21, 0, 0
0, 5, 17, 22, 0, 0
0, 5, 18, 23, 0, 0
0, 5, 19, 24, 0, 0
0, 5, 20, 25, 0, 0
0, 6, 7, 13, 0, 0
0, 6, 8, 14, 0, 0
0, 6, 9, 15, 0, 0
0, 6, 10, 16, 0, 0
0, 6, 11, 17, 0, 0
0, 6, 12, 18, 0, 0
0, 6, 31, 37, 0, 0
0, 6, 14, 20, 0, 0
0, 6, 15, 21, 0, 0
0, 6, 16, 22, 0, 0
0, 6, 17, 23, 0, 0
0, 6, 18, 24, 0, 0
0, 6, 19, 25, 0, 0
0, 6, 20, 26, 0, 0
0, 7, 8, 15, 0, 0
0, 7, 9, 16, 0, 0
0, 7, 10, 17, 0, 0
0, 7, 11, 18, 0, 0
0, 7, 12, 19, 0, 0
0, 7, 31, 38, 0, 0
0, 7, 14, 21, 0, 0
0, 7, 15, 22, 0, 0
0, 7, 16, 23, 0, 0
0, 7, 17, 24, 0, 0
0, 7, 18, 25, 0, 0
0, 7, 19, 26, 0, 0
0, 7, 20, 27, 0, 0
0, 8, 9, 17, 0, 0
0, 8, 10, 18, 0, 0
0, 8, 11, 19, 0, 0
0, 8, 12, 20, 0, 0
0, 8, 31, 39, 0, 0
0, 8, 14, 22, 0, 0
0, 8, 15, 23, 0, 0
0, 8, 16, 24, 0, 0
0, 8, 17, 25, 0, 0
0, 8, 18, 26, 0, 0
0, 8, 19, 27, 0, 0
0, 8, 20, 28, 0, 0
0, 9, 10, 19, 0, 0
0, 9, 11, 20, 0, 0
0, 9, 12, 21, 0, 0
0, 9, 31, 40, 0, 0
0, 9, 14, 23, 0, 0
0, 9, 15, 24, 0, 0
0, 9, 16, 25, 0, 0
0, 9, 17, 26, 0, 0
0, 9, 18, 27, 0, 0
0, 9, 19, 28, 0, 0
0, 9, 20, 29, 0, 0
0, 10, 11, 21, 0, 0
0, 10, 12, 22, 0, 0
0, 10, 31, 41, 0, 0
0, 10, 14, 24, 0, 0
0, 10, 15, 25, 0, 0
0, 10, 16, 26, 0, 0
0, 10, 17, 27, 0, 0
0, 10, 18, 28, 0, 0
0, 10, 19, 29, 0, 0
0, 10, 20, 30, 0, 0
0, 11, 12, 23, 0, 0
0, 11, 31, 42, 0, 0
0, 11, 14, 25, 0, 0
0, 11, 15, 26, 0, 0
0, 11, 16, 27, 0, 0
0, 11, 17, 28, 0, 0
0, 11, 18, 29, 0, 0
0, 11, 19, 30, 0, 0
0, 11, 20, 31, 0, 0
0, 12, 31, 43, 0, 0
0, 12, 14, 26, 0, 0
0, 12, 15, 27, 0, 0
0, 12, 16, 28, 0, 0
0, 12, 17, 29, 0, 0
0, 12, 18, 30, 0, 0
0, 12, 19, 31, 0, 0
0, 12, 20, 32, 0, 0
0, 31, 14, 45, 0, 0
0, 31, 15, 46, 0, 0
0, 31, 16, 47, 0, 0
0, 31, 17, 48, 0, 0
0, 31, 18, 49, 0, 0
0, 31, 19, 50, 0, 0
0, 31, 20, 51, 0, 0
0, 14, 15, 29, 0, 0
0, 14, 16, 30, 0, 0
0, 14, 17, 31, 0, 0
0, 14, 18, 32, 0, 0
0, 14, 19, 33, 0, 0
0, 14, 20, 34, 0, 0
0, 15, 16, 31, 0, 0
0, 15, 17, 32, 0, 0
0, 15, 18, 33, 0, 0
0, 15, 19, 34, 0, 0
0, 15, 20, 35, 0, 0
0, 16, 17, 33, 0, 0
0, 16, 18, 34, 0, 0
0, 16, 19, 35, 0, 0
0, 16, 20, 36, 0, 0
0, 17, 18, 35, 0, 0
0, 17, 19, 36, 0, 0
0, 17, 20, 37, 0, 0
0, 18, 19, 37, 0, 0
0, 18, 20, 38, 0, 0
0, 19, 20, 39, 0, 0
1, 2, 3, 6, 6, 1
1, 2, 4, 7, 8, 1
1, 2, 5, 8, 10, 1
1, 2, 6, 9, 12, 1
1, 2, 7, 10, 14, 1
1, 2, 8, 11, 16, 1
1, 2, 9, 12, 18, 1
1, 2, 10, 13, 20, 1
1, 2, 11, 14, 22, 1
1, 2, 12, 15, 24, 1
1, 2, 31, 34, 62, 1
1, 2, 14, 17, 28, 1
1, 2, 15, 18, 30, 1
1, 2, 16, 19, 32, 1
1, 2, 17, 20, 34, 1
1, 2, 18, 21, 36, 1
1, 2, 19, 22, 38, 1
1, 2, 20, 23, 40, 1
1, 3, 4, 8, 12, 1
1, 3, 5, 9, 15, 1
1, 3, 6, 10, 18, 1
1, 3, 7, 11, 21, 1
1, 3, 8, 12, 24, 2
1, 3, 9, 13, 27, 2
1, 3, 10, 14, 30, 2
1, 3, 11, 15, 33, 2
1, 3, 12, 16, 36, 2
1, 3, 31, 35, 93, 2
1, 3, 14, 18, 42, 2
1, 3, 15, 19, 45, 2
1, 3, 16, 20, 48, 2
1, 3, 17, 21, 51, 2
1, 3, 18, 22, 54, 2
1, 3, 19, 23, 57, 2
1, 3, 20, 24, 60, 2
1, 4, 5, 10, 20, 2
1, 4, 6, 11, 24, 2
1, 4, 7, 12, 28, 2
1, 4, 8, 13, 32, 2
1, 4, 9, 14, 36, 2
1, 4, 10, 15, 40, 2
1, 4, 11, 16, 44, 2
1, 4, 12, 17, 48, 2
1, 4, 31, 36, 124, 3
1, 4, 14, 19, 56, 2
1, 4, 15, 20, 60, 3
1, 4, 16, 21, 64, 3
1, 4, 17, 22, 68, 3
1, 4, 18, 23, 72, 3
1, 4, 19, 24, 76, 3
1, 4, 20, 25, 80, 3
1, 5, 6, 12, 30, 2
1, 5, 7, 13, 35, 2
1, 5, 8, 14, 40, 2
1, 5, 9, 15, 45, 3
1, 5, 10, 16, 50, 3
1, 5, 11, 17, 55, 3
1, 5, 12, 18, 60, 3
1, 5, 31, 37, 155, 4
1, 5, 14, 20, 70, 3
1, 5, 15, 21, 75, 3
1, 5, 16, 22, 80, 3
1, 5, 17, 23, 85, 3
1, 5, 18, 24, 90, 3
1, 5, 19, 25, 95, 3
1, 5, 20, 26, 100, 3
1, 6, 7, 14, 42, 3
1, 6, 8, 15, 48, 3
1, 6, 9, 16, 54, 3
1, 6, 10, 17, 60, 3
1, 6, 11, 18, 66, 3
1, 6, 12, 19, 72, 3
1, 6, 31, 38, 186, 4
1, 6, 14, 21, 84, 4
1, 6, 15, 22, 90, 4
1, 6, 16, 23, 96, 4
1, 6, 17, 24, 102, 4
1, 6, 18, 25, 108, 4
1, 6, 19, 26, 114, 4
1, 6, 20, 27, 120, 4
1, 7, 8, 16, 56, 3
1, 7, 9, 17, 63, 3
1, 7, 10, 18, 70, 3
1, 7, 11, 19, 77, 4
1, 7, 12, 20, 84, 4
1, 7, 31, 39, 217, 5
1, 7, 14, 22, 98, 4
1, 7, 15, 23, 105, 4
1, 7, 16, 24, 112, 4
1, 7, 17, 25, 119, 4
1, 7, 18, 26, 126, 4
1, 7, 19, 27, 133, 4
1, 7, 20, 28, 140, 5
1, 8, 9, 18, 72, 4
1, 8, 10, 19, 80, 4
1, 8, 11, 20, 88, 4
1, 8, 12, 21, 96, 4
1, 8, 31, 40, 248, 6
1, 8, 14, 23, 112, 4
1, 8, 15, 24, 120, 5
1, 8, 16, 25, 128, 5
1, 8, 17, 26, 136, 5
1, 8, 18, 27, 144, 5
1, 8, 19, 28, 152, 5
1, 8, 20, 29, 160, 5
1, 9, 10, 20, 90, 4
1, 9, 11, 21, 99, 4
1, 9, 12, 22, 108, 4
1, 9, 31, 41, 279, 6
1, 9, 14, 24, 126, 5
1, 9, 15, 25, 135, 5
1, 9, 16, 26, 144, 5
1, 9, 17, 27, 153, 5
1, 9, 18, 28, 162, 5
1, 9, 19, 29, 171, 5
1, 9, 20, 30, 180, 6
1, 10, 11, 22, 110, 5
1, 10, 12, 23, 120, 5
1, 10, 31, 42, 310, 7
1, 10, 14, 25, 140, 5
1, 10, 15, 26, 150, 5
1, 10, 16, 27, 160, 5
1, 10, 17, 28, 170, 6
1, 10, 18, 29, 180, 6
1, 10, 19, 30, 190, 6
1, 10, 20, 31, 200, 6
1, 11, 12, 24, 132, 5
1, 11, 31, 43, 341, 7
1, 11, 14, 26, 154, 5
1, 11, 15, 27, 165, 6
1, 11, 16, 28, 176, 6
1, 11, 17, 29, 187, 6
1, 11, 18, 30, 198, 6
1, 11, 19, 31, 209, 6
1, 11, 20, 32, 220, 6
1, 12, 31, 44, 372, 8
1, 12, 14, 27, 168, 6
1, 12, 15, 28, 180, 6
1, 12, 16, 29, 192, 6
1, 12, 17, 30, 204, 6
1, 12, 18, 31, 216, 6
1, 12, 19, 32, 228, 7
1, 12, 20, 33, 240, 7
1, 31, 14, 46, 434, 9
1, 31, 15, 47, 465, 9
1, 31, 16, 48, 496, 10
1, 31, 17, 49, 527, 10
1, 31, 18, 50, 558, 11
1, 31, 19, 51, 589, 11
1, 31, 20, 52, 620, 11
1, 14, 15, 30, 210, 7
1, 14, 16, 31, 224, 7
1, 14, 17, 32, 238, 7
1, 14, 18, 33, 252, 7
1, 14, 19, 34, 266, 7
1, 14, 20, 35, 280, 8
1, 15, 16, 32, 240, 7
1, 15, 17, 33, 255, 7
1, 15, 18, 34, 270, 7
1, 15, 19, 35, 285, 8
1, 15, 20, 36, 300, 8
1, 16, 17, 34, 272, 8
1, 16, 18, 35, 288, 8
1, 16, 19, 36, 304, 8
1, 16, 20, 37, 320, 8
1, 17, 18, 36, 306, 8
1, 17, 19, 37, 323, 8
1, 17, 20, 38, 340, 8
1, 18, 19, 38, 342, 9
1, 18, 20, 39, 360, 9
1, 19, 20, 40, 380, 9
2, 3, 4, 9, 24, 2
2, 3, 5, 10, 30, 3
2, 3, 6, 11, 36, 3
2, 3, 7, 12, 42, 3
2, 3, 8, 13, 48, 3
2, 3, 9, 14, 54, 3
2, 3, 10, 15, 60, 4
2, 3, 11, 16, 66, 4
2, 3, 12, 17, 72, 4
2, 3, 31, 36, 186, 5
2, 3, 14, 19, 84, 4
2, 3, 15, 20, 90, 4
2, 3, 16, 21, 96, 4
2, 3, 17, 22, 102, 4
2, 3, 18, 23, 108, 4
2, 3, 19, 24, 114, 4
2, 3, 20, 25, 120, 4
2, 4, 5, 11, 40, 3
2, 4, 6, 12, 48, 4
2, 4, 7, 13, 56, 4
2, 4, 8, 14, 64, 4
2, 4, 9, 15, 72, 4
2, 4, 10, 16, 80, 5
2, 4, 11, 17, 88, 5
2, 4, 12, 18, 96, 5
2, 4, 31, 37, 248, 6
2, 4, 14, 20, 112, 5
2, 4, 15, 21, 120, 5
2, 4, 16, 22, 128, 5
2, 4, 17, 23, 136, 5
2, 4, 18, 24, 144, 6
2, 4, 19, 25, 152, 6
2, 4, 20, 26, 160, 6
2, 5, 6, 13, 60, 4
2, 5, 7, 14, 70, 5
2, 5, 8, 15, 80, 5
2, 5, 9, 16, 90, 5
2, 5, 10, 17, 100, 5
2, 5, 11, 18, 110, 6
2, 5, 12, 19, 120, 6
2, 5, 31, 38, 310, 8
2, 5, 14, 21, 140, 6
2, 5, 15, 22, 150, 6
2, 5, 16, 23, 160, 6
2, 5, 17, 24, 170, 7
2, 5, 18, 25, 180, 7
2, 5, 19, 26, 190, 7
2, 5, 20, 27, 200, 7
2, 6, 7, 15, 84, 5
2, 6, 8, 16, 96, 6
2, 6, 9, 17, 108, 6
2, 6, 10, 18, 120, 6
2, 6, 11, 19, 132, 6
2, 6, 12, 20, 144, 7
2, 6, 31, 39, 372, 9
2, 6, 14, 22, 168, 7
2, 6, 15, 23, 180, 7
2, 6, 16, 24, 192, 8
2, 6, 17, 25, 204, 8
2, 6, 18, 26, 216, 8
2, 6, 19, 27, 228, 8
2, 6, 20, 28, 240, 8
2, 7, 8, 17, 112, 6
2, 7, 9, 18, 126, 7
2, 7, 10, 19, 140, 7
2, 7, 11, 20, 154, 7
2, 7, 12, 21, 168, 8
2, 7, 31, 40, 434, 10
2, 7, 14, 23, 196, 8
2, 7, 15, 24, 210, 8
2, 7, 16, 25, 224, 8
2, 7, 17, 26, 238, 9
2, 7, 18, 27, 252, 9
2, 7, 19, 28, 266, 9
2, 7, 20, 29, 280, 9
2, 8, 9, 19, 144, 7
2, 8, 10, 20, 160, 8
2, 8, 11, 21, 176, 8
2, 8, 12, 22, 192, 8
2, 8, 31, 41, 496, 12
2, 8, 14, 24, 224, 9
2, 8, 15, 25, 240, 9
2, 8, 16, 26, 256, 9
2, 8, 17, 27, 272, 10
2, 8, 18, 28, 288, 10
2, 8, 19, 29, 304, 10
2, 8, 20, 30, 320, 10
2, 9, 10, 21, 180, 8
2, 9, 11, 22, 198, 9
2, 9, 12, 23, 216, 9
2, 9, 31, 42, 558, 13
2, 9, 14, 25, 252, 10
2, 9, 15, 26, 270, 10
2, 9, 16, 27, 288, 10
2, 9, 17, 28, 306, 10
2, 9, 18, 29, 324, 11
2, 9, 19, 30, 342, 11
2, 9, 20, 31, 360, 11
2, 10, 11, 23, 220, 9
2, 10, 12, 24, 240, 10
2, 10, 31, 43, 620, 14
2, 10, 14, 26, 280, 10
2, 10, 15, 27, 300, 11
2, 10, 16, 28, 320, 11
2, 10, 17, 29, 340, 11
2, 10, 18, 30, 360, 12
2, 10, 19, 31, 380, 12
2, 10, 20, 32, 400, 12
2, 11, 12, 25, 264, 10
2, 11, 31, 44, 682, 15
2, 11, 14, 27, 308, 11
2, 11, 15, 28, 330, 11
2, 11, 16, 29, 352, 12
2, 11, 17, 30, 374, 12
2, 11, 18, 31, 396, 12
2, 11, 19, 32, 418, 13
2, 11, 20, 33, 440, 13
2, 12, 31, 45, 744, 16
2, 12, 14, 28, 336, 12
2, 12, 15, 29, 360, 12
2, 12, 16, 30, 384, 12
2, 12, 17, 31, 408, 13
2, 12, 18, 32, 432, 13
2, 12, 19, 33, 456, 13
2, 12, 20, 34, 480, 14
2, 31, 14, 47, 868, 18
2, 31, 15, 48, 930, 19
2, 31, 16, 49, 992, 20
2, 31, 17, 50, 1054, 21
2, 31, 18, 51, 1116, 21
2, 31, 19, 52, 1178, 22
2, 31, 20, 53, 1240, 23
2, 14, 15, 31, 420, 13
2, 14, 16, 32, 448, 14
2, 14, 17, 33, 476, 14
2, 14, 18, 34, 504, 14
2, 14, 19, 35, 532, 15
2, 14, 20, 36, 560, 15
2, 15, 16, 33, 480, 14
2, 15, 17, 34, 510, 15
2, 15, 18, 35, 540, 15
2, 15, 19, 36, 570, 15
2, 15, 20, 37, 600, 16
2, 16, 17, 35, 544, 15
2, 16, 18, 36, 576, 16
2, 16, 19, 37, 608, 16
2, 16, 20, 38, 640, 16
2, 17, 18, 37, 612, 16
2, 17, 19, 38, 646, 17
2, 17, 20, 39, 680, 17
2, 18, 19, 39, 684, 17
2, 18, 20, 40, 720, 18
2, 19, 20, 41, 760, 18
3, 4, 5, 12, 60, 5
3, 4, 6, 13, 72, 5
3, 4, 7, 14, 84, 6
3, 4, 8, 15, 96, 6
3, 4, 9, 16, 108, 6
3, 4, 10, 17, 120, 7
3, 4, 11, 18, 132, 7
3, 4, 12, 19, 144, 7
3, 4, 31, 38, 372, 9
3, 4, 14, 21, 168, 8
3, 4, 15, 22, 180, 8
3, 4, 16, 23, 192, 8
3, 4, 17, 24, 204, 8
3, 4, 18, 25, 216, 8
3, 4, 19, 26, 228, 8
3, 4, 20, 27, 240, 8
3, 5, 6, 14, 90, 6
3, 5, 7, 15, 105, 7
3, 5, 8, 16, 120, 7
3, 5, 9, 17, 135, 7
3, 5, 10, 18, 150, 8
3, 5, 11, 19, 165, 8
3, 5, 12, 20, 180, 9
3, 5, 31, 39, 465, 11
3, 5, 14, 22, 210, 9
3, 5, 15, 23, 225, 9
3, 5, 16, 24, 240, 10
3, 5, 17, 25, 255, 10
3, 5, 18, 26, 270, 10
3, 5, 19, 27, 285, 10
3, 5, 20, 28, 300, 10
3, 6, 7, 16, 126, 7
3, 6, 8, 17, 144, 8
3, 6, 9, 18, 162, 9
3, 6, 10, 19, 180, 9
3, 6, 11, 20, 198, 9
3, 6, 12, 21, 216, 10
3, 6, 31, 40, 558, 13
3, 6, 14, 23, 252, 10
3, 6, 15, 24, 270, 11
3, 6, 16, 25, 288, 11
3, 6, 17, 26, 306, 11
3, 6, 18, 27, 324, 12
3, 6, 19, 28, 342, 12
3, 6, 20, 29, 360, 12
3, 7, 8, 18, 168, 9
3, 7, 9, 19, 189, 9
3, 7, 10, 20, 210, 10
3, 7, 11, 21, 231, 11
3, 7, 12, 22, 252, 11
3, 7, 31, 41, 651, 15
3, 7, 14, 24, 294, 12
3, 7, 15, 25, 315, 12
3, 7, 16, 26, 336, 12
3, 7, 17, 27, 357, 13
3, 7, 18, 28, 378, 13
3, 7, 19, 29, 399, 13
3, 7, 20, 30, 420, 14
3, 8, 9, 20, 216, 10
3, 8, 10, 21, 240, 11
3, 8, 11, 22, 264, 12
3, 8, 12, 23, 288, 12
3, 8, 31, 42, 744, 17
3, 8, 14, 25, 336, 13
3, 8, 15, 26, 360, 13
3, 8, 16, 27, 384, 14
3, 8, 17, 28, 408, 14
3, 8, 18, 29, 432, 14
3, 8, 19, 30, 456, 15
3, 8, 20, 31, 480, 15
3, 9, 10, 22, 270, 12
3, 9, 11, 23, 297, 12
3, 9, 12, 24, 324, 13
3, 9, 31, 43, 837, 19
3, 9, 14, 26, 378, 14
3, 9, 15, 27, 405, 15
3, 9, 16, 28, 432, 15
3, 9, 17, 29, 459, 15
3, 9, 18, 30, 486, 16
3, 9, 19, 31, 513, 16
3, 9, 20, 32, 540, 16
3, 10, 11, 24, 330, 13
3, 10, 12, 25, 360, 14
3, 10, 31, 44, 930, 21
3, 10, 14, 27, 420, 15
3, 10, 15, 28, 450, 16
3, 10, 16, 29, 480, 16
3, 10, 17, 30, 510, 17
3, 10, 18, 31, 540, 17
3, 10, 19, 32, 570, 17
3, 10, 20, 33, 600, 18
3, 11, 12, 26, 396, 15
3, 11, 31, 45, 1023, 22
3, 11, 14, 28, 462, 16
3, 11, 15, 29, 495, 17
3, 11, 16, 30, 528, 17
3, 11, 17, 31, 561, 18
3, 11, 18, 32, 594, 18
3, 11, 19, 33, 627, 19
3, 11, 20, 34, 660, 19
3, 12, 31, 46, 1116, 24
3, 12, 14, 29, 504, 17
3, 12, 15, 30, 540, 18
3, 12, 16, 31, 576, 18
3, 12, 17, 32, 612, 19
3, 12, 18, 33, 648, 19
3, 12, 19, 34, 684, 20
3, 12, 20, 35, 720, 20
3, 31, 14, 48, 1302, 27
3, 31, 15, 49, 1395, 28
3, 31, 16, 50, 1488, 29
3, 31, 17, 51, 1581, 31
3, 31, 18, 52, 1674, 32
3, 31, 19, 53, 1767, 33
3, 31, 20, 54, 1860, 34
3, 14, 15, 32, 630, 19
3, 14, 16, 33, 672, 20
3, 14, 17, 34, 714, 21
3, 14, 18, 35, 756, 21
3, 14, 19, 36, 798, 22
3, 14, 20, 37, 840, 22
3, 15, 16, 34, 720, 21
3, 15, 17, 35, 765, 21
3, 15, 18, 36, 810, 22
3, 15, 19, 37, 855, 23
3, 15, 20, 38, 900, 23
3, 16, 17, 36, 816, 22
3, 16, 18, 37, 864, 23
3, 16, 19, 38, 912, 24
3, 16, 20, 39, 960, 24
3, 17, 18, 38, 918, 24
3, 17, 19, 39, 969, 24
3, 17, 20, 40, 1020, 25
3, 18, 19, 40, 1026, 25
3, 18, 20, 41, 1080, 26
3, 19, 20, 42, 1140, 27
4, 5, 6, 15, 120, 8
4, 5, 7, 16, 140, 8
4, 5, 8, 17, 160, 9
4, 5, 9, 18, 180, 10
4, 5, 10, 19, 200, 10
4, 5, 11, 20, 220, 11
4, 5, 12, 21, 240, 11
4, 5, 31, 40, 620, 15
4, 5, 14, 23, 280, 12
4, 5, 15, 24, 300, 12
4, 5, 16, 25, 320, 12
4, 5, 17, 26, 340, 13
4, 5, 18, 27, 360, 13
4, 5, 19, 28, 380, 13
4, 5, 20, 29, 400, 13
4, 6, 7, 17, 168, 9
4, 6, 8, 18, 192, 10
4, 6, 9, 19, 216, 11
4, 6, 10, 20, 240, 12
4, 6, 11, 21, 264, 12
4, 6, 12, 22, 288, 13
4, 6, 31, 41, 744, 18
4, 6, 14, 24, 336, 14
4, 6, 15, 25, 360, 14
4, 6, 16, 26, 384, 14
4, 6, 17, 27, 408, 15
4, 6, 18, 28, 432, 15
4, 6, 19, 29, 456, 15
4, 6, 20, 30, 480, 16
4, 7, 8, 19, 224, 11
4, 7, 9, 20, 252, 12
4, 7, 10, 21, 280, 13
4, 7, 11, 22, 308, 14
4, 7, 12, 23, 336, 14
4, 7, 31, 42, 868, 20
4, 7, 14, 25, 392, 15
4, 7, 15, 26, 420, 16
4, 7, 16, 27, 448, 16
4, 7, 17, 28, 476, 17
4, 7, 18, 29, 504, 17
4, 7, 19, 30, 532, 17
4, 7, 20, 31, 560, 18
4, 8, 9, 21, 288, 13
4, 8, 10, 22, 320, 14
4, 8, 11, 23, 352, 15
4, 8, 12, 24, 384, 16
4, 8, 31, 43, 992, 23
4, 8, 14, 26, 448, 17
4, 8, 15, 27, 480, 17
4, 8, 16, 28, 512, 18
4, 8, 17, 29, 544, 18
4, 8, 18, 30, 576, 19
4, 8, 19, 31, 608, 19
4, 8, 20, 32, 640, 20
4, 9, 10, 23, 360, 15
4, 9, 11, 24, 396, 16
4, 9, 12, 25, 432, 17
4, 9, 31, 44, 1116, 25
4, 9, 14, 27, 504, 18
4, 9, 15, 28, 540, 19
4, 9, 16, 29, 576, 19
4, 9, 17, 30, 612, 20
4, 9, 18, 31, 648, 20
4, 9, 19, 32, 684, 21
4, 9, 20, 33, 720, 21
4, 10, 11, 25, 440, 17
4, 10, 12, 26, 480, 18
4, 10, 31, 45, 1240, 27
4, 10, 14, 28, 560, 20
4, 10, 15, 29, 600, 20
4, 10, 16, 30, 640, 21
4, 10, 17, 31, 680, 21
4, 10, 18, 32, 720, 22
4, 10, 19, 33, 760, 23
4, 10, 20, 34, 800, 23
4, 11, 12, 27, 528, 19
4, 11, 31, 46, 1364, 29
4, 11, 14, 29, 616, 21
4, 11, 15, 30, 660, 22
4, 11, 16, 31, 704, 22
4, 11, 17, 32, 748, 23
4, 11, 18, 33, 792, 24
4, 11, 19, 34, 836, 24
4, 11, 20, 35, 880, 25
4, 12, 31, 47, 1488, 31
4, 12, 14, 30, 672, 22
4, 12, 15, 31, 720, 23
4, 12, 16, 32, 768, 24
4, 12, 17, 33, 816, 24
4, 12, 18, 34, 864, 25
4, 12, 19, 35, 912, 26
4, 12, 20, 36, 960, 26
4, 31, 14, 49, 1736, 35
4, 31, 15, 50, 1860, 37
4, 31, 16, 51, 1984, 38
4, 31, 17, 52, 2108, 40
4, 31, 18, 53, 2232, 42
4, 31, 19, 54, 2356, 43
4, 31, 20, 55, 2480, 45
4, 14, 15, 33, 840, 25
4, 14, 16, 34, 896, 26
4, 14, 17, 35, 952, 27
4, 14, 18, 36, 1008, 28
4, 14, 19, 37, 1064, 28
4, 14, 20, 38, 1120, 29
4, 15, 16, 35, 960, 27
4, 15, 17, 36, 1020, 28
4, 15, 18, 37, 1080, 29
4, 15, 19, 38, 1140, 30
4, 15, 20, 39, 1200, 30
4, 16, 17, 37, 1088, 29
4, 16, 18, 38, 1152, 30
4, 16, 19, 39, 1216, 31
4, 16, 20, 40, 1280, 32
4, 17, 18, 39, 1224, 31
4, 17, 19, 40, 1292, 32
4, 17, 20, 41, 1360, 33
4, 18, 19, 41, 1368, 33
4, 18, 20, 42, 1440, 34
4, 19, 20, 43, 1520, 35
5, 6, 7, 18, 210, 11
5, 6, 8, 19, 240, 12
5, 6, 9, 20, 270, 13
5, 6, 10, 21, 300, 14
5, 6, 11, 22, 330, 15
5, 6, 12, 23, 360, 15
5, 6, 31, 42, 930, 22
5, 6, 14, 25, 420, 16
5, 6, 15, 26, 450, 17
5, 6, 16, 27, 480, 17
5, 6, 17, 28, 510, 18
5, 6, 18, 29, 540, 18
5, 6, 19, 30, 570, 19
5, 6, 20, 31, 600, 19
5, 7, 8, 20, 280, 14
5, 7, 9, 21, 315, 15
5, 7, 10, 22, 350, 15
5, 7, 11, 23, 385, 16
5, 7, 12, 24, 420, 17
5, 7, 31, 43, 1085, 25
5, 7, 14, 26, 490, 18
5, 7, 15, 27, 525, 19
5, 7, 16, 28, 560, 20
5, 7, 17, 29, 595, 20
5, 7, 18, 30, 630, 21
5, 7, 19, 31, 665, 21
5, 7, 20, 32, 700, 21
5, 8, 9, 22, 360, 16
5, 8, 10, 23, 400, 17
5, 8, 11, 24, 440, 18
5, 8, 12, 25, 480, 19
5, 8, 31, 44, 1240, 28
5, 8, 14, 27, 560, 20
5, 8, 15, 28, 600, 21
5, 8, 16, 29, 640, 22
5, 8, 17, 30, 680, 22
5, 8, 18, 31, 720, 23
5, 8, 19, 32, 760, 23
5, 8, 20, 33, 800, 24
5, 9, 10, 24, 450, 18
5, 9, 11, 25, 495, 19
5, 9, 12, 26, 540, 20
5, 9, 31, 45, 1395, 31
5, 9, 14, 28, 630, 22
5, 9, 15, 29, 675, 23
5, 9, 16, 30, 720, 24
5, 9, 17, 31, 765, 24
5, 9, 18, 32, 810, 25
5, 9, 19, 33, 855, 25
5, 9, 20, 34, 900, 26
5, 10, 11, 26, 550, 21
5, 10, 12, 27, 600, 22
5, 10, 31, 46, 1550, 33
5, 10, 14, 29, 700, 24
5, 10, 15, 30, 750, 25
5, 10, 16, 31, 800, 25
5, 10, 17, 32, 850, 26
5, 10, 18, 33, 900, 27
5, 10, 19, 34, 950, 27
5, 10, 20, 35, 1000, 28
5, 11, 12, 28, 660, 23
5, 11, 31, 47, 1705, 36
5, 11, 14, 30, 770, 25
5, 11, 15, 31, 825, 26
5, 11, 16, 32, 880, 27
5, 11, 17, 33, 935, 28
5, 11, 18, 34, 990, 29
5, 11, 19, 35, 1045, 29
5, 11, 20, 36, 1100, 30
5, 12, 31, 48, 1860, 38
5, 12, 14, 31, 840, 27
5, 12, 15, 32, 900, 28
5, 12, 16, 33, 960, 29
5, 12, 17, 34, 1020, 30
5, 12, 18, 35, 1080, 30
5, 12, 19, 36, 1140, 31
5, 12, 20, 37, 1200, 32
5, 31, 14, 50, 2170, 43
5, 31, 15, 51, 2325, 45
5, 31, 16, 52, 2480, 47
5, 31, 17, 53, 2635, 49
5, 31, 18, 54, 2790, 51
5, 31, 19, 55, 2945, 53
5, 31, 20, 56, 3100, 55
5, 14, 15, 34, 1050, 30
5, 14, 16, 35, 1120, 32
5, 14, 17, 36, 1190, 33
5, 14, 18, 37, 1260, 34
5, 14, 19, 38, 1330, 35
5, 14, 20, 39, 1400, 35
5, 15, 16, 36, 1200, 33
5, 15, 17, 37, 1275, 34
5, 15, 18, 38, 1350, 35
5, 15, 19, 39, 1425, 36
5, 15, 20, 40, 1500, 37
5, 16, 17, 38, 1360, 35
5, 16, 18, 39, 1440, 36
5, 16, 19, 40, 1520, 38
5, 16, 20, 41, 1600, 39
5, 17, 18, 40, 1530, 38
5, 17, 19, 41, 1615, 39
5, 17, 20, 42, 1700, 40
5, 18, 19, 42, 1710, 40
5, 18, 20, 43, 1800, 41
5, 19, 20, 44, 1900, 43
6, 7, 8, 21, 336, 16
6, 7, 9, 22, 378, 17
6, 7, 10, 23, 420, 18
6, 7, 11, 24, 462, 19
6, 7, 12, 25, 504, 20
6, 7, 31, 44, 1302, 29
6, 7, 14, 27, 588, 21
6, 7, 15, 28, 630, 22
6, 7, 16, 29, 672, 23
6, 7, 17, 30, 714, 23
6, 7, 18, 31, 756, 24
6, 7, 19, 32, 798, 24
6, 7, 20, 33, 840, 25
6, 8, 9, 23, 432, 18
6, 8, 10, 24, 480, 20
6, 8, 11, 25, 528, 21
6, 8, 12, 26, 576, 22
6, 8, 31, 45, 1488, 33
6, 8, 14, 28, 672, 24
6, 8, 15, 29, 720, 24
6, 8, 16, 30, 768, 25
6, 8, 17, 31, 816, 26
6, 8, 18, 32, 864, 27
6, 8, 19, 33, 912, 27
6, 8, 20, 34, 960, 28
6, 9, 10, 25, 540, 21
6, 9, 11, 26, 594, 22
6, 9, 12, 27, 648, 24
6, 9, 31, 46, 1674, 36
6, 9, 14, 29, 756, 26
6, 9, 15, 30, 810, 27
6, 9, 16, 31, 864, 27
6, 9, 17, 32, 918, 28
6, 9, 18, 33, 972, 29
6, 9, 19, 34, 1026, 30
6, 9, 20, 35, 1080, 30
6, 10, 11, 27, 660, 24
6, 10, 12, 28, 720, 25
6, 10, 31, 47, 1860, 39
6, 10, 14, 30, 840, 28
6, 10, 15, 31, 900, 29
6, 10, 16, 32, 960, 30
6, 10, 17, 33, 1020, 30
6, 10, 18, 34, 1080, 31
6, 10, 19, 35, 1140, 32
6, 10, 20, 36, 1200, 33
6, 11, 12, 29, 792, 27
6, 11, 31, 48, 2046, 42
6, 11, 14, 31, 924, 29
6, 11, 15, 32, 990, 30
6, 11, 16, 33, 1056, 32
6, 11, 17, 34, 1122, 33
6, 11, 18, 35, 1188, 33
6, 11, 19, 36, 1254, 34
6, 11, 20, 37, 1320, 35
6, 12, 31, 49, 2232, 45
6, 12, 14, 32, 1008, 31
6, 12, 15, 33, 1080, 32
6, 12, 16, 34, 1152, 33
6, 12, 17, 35, 1224, 34
6, 12, 18, 36, 1296, 36
6, 12, 19, 37, 1368, 36
6, 12, 20, 38, 1440, 37
6, 31, 14, 51, 2604, 51
6, 31, 15, 52, 2790, 53
6, 31, 16, 53, 2976, 56
6, 31, 17, 54, 3162, 58
6, 31, 18, 55, 3348, 60
6, 31, 19, 56, 3534, 63
6, 31, 20, 57, 3720, 65
6, 14, 15, 35, 1260, 36
6, 14, 16, 36, 1344, 37
6, 14, 17, 37, 1428, 38
6, 14, 18, 38, 1512, 39
6, 14, 19, 39, 1596, 40
6, 14, 20, 40, 1680, 42
6, 15, 16, 37, 1440, 38
6, 15, 17, 38, 1530, 40
6, 15, 18, 39, 1620, 41
6, 15, 19, 40, 1710, 42
6, 15, 20, 41, 1800, 43
6, 16, 17, 39, 1632, 41
6, 16, 18, 40, 1728, 43
6, 16, 19, 41, 1824, 44
6, 16, 20, 42, 1920, 45
6, 17, 18, 41, 1836, 44
6, 17, 19, 42, 1938, 46
6, 17, 20, 43, 2040, 47
6, 18, 19, 43, 2052, 47
6, 18, 20, 44, 2160, 49
6, 19, 20, 45, 2280, 50
7, 8, 9, 24, 504, 21
7, 8, 10, 25, 560, 22
7, 8, 11, 26, 616, 23
7, 8, 12, 27, 672, 24
7, 8, 31, 46, 1736, 37
7, 8, 14, 29, 784, 27
7, 8, 15, 30, 840, 28
7, 8, 16, 31, 896, 28
7, 8, 17, 32, 952, 29
7, 8, 18, 33, 1008, 30
7, 8, 19, 34, 1064, 31
7, 8, 20, 35, 1120, 32
7, 9, 10, 26, 630, 24
7, 9, 11, 27, 693, 25
7, 9, 12, 28, 756, 27
7, 9, 31, 47, 1953, 41
7, 9, 14, 30, 882, 29
7, 9, 15, 31, 945, 30
7, 9, 16, 32, 1008, 31
7, 9, 17, 33, 1071, 32
7, 9, 18, 34, 1134, 33
7, 9, 19, 35, 1197, 34
7, 9, 20, 36, 1260, 35
7, 10, 11, 28, 770, 27
7, 10, 12, 29, 840, 28
7, 10, 31, 48, 2170, 45
7, 10, 14, 31, 980, 31
7, 10, 15, 32, 1050, 32
7, 10, 16, 33, 1120, 33
7, 10, 17, 34, 1190, 35
7, 10, 18, 35, 1260, 36
7, 10, 19, 36, 1330, 36
7, 10, 20, 37, 1400, 37
7, 11, 12, 30, 924, 30
7, 11, 31, 49, 2387, 48
7, 11, 14, 32, 1078, 33
7, 11, 15, 33, 1155, 35
7, 11, 16, 34, 1232, 36
7, 11, 17, 35, 1309, 37
7, 11, 18, 36, 1386, 38
7, 11, 19, 37, 1463, 39
7, 11, 20, 38, 1540, 40
7, 12, 31, 50, 2604, 52
7, 12, 14, 33, 1176, 35
7, 12, 15, 34, 1260, 37
7, 12, 16, 35, 1344, 38
7, 12, 17, 36, 1428, 39
7, 12, 18, 37, 1512, 40
7, 12, 19, 38, 1596, 42
7, 12, 20, 39, 1680, 43
7, 31, 14, 52, 3038, 58
7, 31, 15, 53, 3255, 61
7, 31, 16, 54, 3472, 64
7, 31, 17, 55, 3689, 67
7, 31, 18, 56, 3906, 69
7, 31, 19, 57, 4123, 72
7, 31, 20, 58, 4340, 74
7, 14, 15, 36, 1470, 40
7, 14, 16, 37, 1568, 42
7, 14, 17, 38, 1666, 43
7, 14, 18, 39, 1764, 45
7, 14, 19, 40, 1862, 46
7, 14, 20, 41, 1960, 47
7, 15, 16, 38, 1680, 44
7, 15, 17, 39, 1785, 45
7, 15, 18, 40, 1890, 47
7, 15, 19, 41, 1995, 48
7, 15, 20, 42, 2100, 50
7, 16, 17, 40, 1904, 47
7, 16, 18, 41, 2016, 49
7, 16, 19, 42, 2128, 50
7, 16, 20, 43, 2240, 52
7, 17, 18, 42, 2142, 51
7, 17, 19, 43, 2261, 52
7, 17, 20, 44, 2380, 54
7, 18, 19, 44, 2394, 54
7, 18, 20, 45, 2520, 56
7, 19, 20, 46, 2660, 57
8, 9, 10, 27, 720, 26
8, 9, 11, 28, 792, 28
8, 9, 12, 29, 864, 29
8, 9, 31, 48, 2232, 46
8, 9, 14, 31, 1008, 32
8, 9, 15, 32, 1080, 33
8, 9, 16, 33, 1152, 34
8, 9, 17, 34, 1224, 36
8, 9, 18, 35, 1296, 37
8, 9, 19, 36, 1368, 38
8, 9, 20, 37, 1440, 38
8, 10, 11, 29, 880, 30
8, 10, 12, 30, 960, 32
8, 10, 31, 49, 2480, 50
8, 10, 14, 32, 1120, 35
8, 10, 15, 33, 1200, 36
8, 10, 16, 34, 1280, 37
8, 10, 17, 35, 1360, 38
8, 10, 18, 36, 1440, 40
8, 10, 19, 37, 1520, 41
8, 10, 20, 38, 1600, 42
8, 11, 12, 31, 1056, 34
8, 11, 31, 50, 2728, 54
8, 11, 14, 33, 1232, 37
8, 11, 15, 34, 1320, 38
8, 11, 16, 35, 1408, 40
8, 11, 17, 36, 1496, 41
8, 11, 18, 37, 1584, 42
8, 11, 19, 38, 1672, 44
8, 11, 20, 39, 1760, 45
8, 12, 31, 51, 2976, 58
8, 12, 14, 34, 1344, 39
8, 12, 15, 35, 1440, 41
8, 12, 16, 36, 1536, 42
8, 12, 17, 37, 1632, 44
8, 12, 18, 38, 1728, 45
8, 12, 19, 39, 1824, 46
8, 12, 20, 40, 1920, 48
8, 31, 14, 53, 3472, 65
8, 31, 15, 54, 3720, 68
8, 31, 16, 55, 3968, 72
8, 31, 17, 56, 4216, 75
8, 31, 18, 57, 4464, 78
8, 31, 19, 58, 4712, 81
8, 31, 20, 59, 4960, 84
8, 14, 15, 37, 1680, 45
8, 14, 16, 38, 1792, 47
8, 14, 17, 39, 1904, 48
8, 14, 18, 40, 2016, 50
8, 14, 19, 41, 2128, 51
8, 14, 20, 42, 2240, 53
8, 15, 16, 39, 1920, 49
8, 15, 17, 40, 2040, 51
8, 15, 18, 41, 2160, 52
8, 15, 19, 42, 2280, 54
8, 15, 20, 43, 2400, 55
8, 16, 17, 41, 2176, 53
8, 16, 18, 42, 2304, 54
8, 16, 19, 43, 2432, 56
8, 16, 20, 44, 2560, 58
8, 17, 18, 43, 2448, 56
8, 17, 19, 44, 2584, 58
8, 17, 20, 45, 2720, 60
8, 18, 19, 45, 2736, 60
8, 18, 20, 46, 2880, 62
8, 19, 20, 47, 3040, 64
9, 10, 11, 30, 990, 33
9, 10, 12, 31, 1080, 34
9, 10, 31, 50, 2790, 55
9, 10, 14, 33, 1260, 38
9, 10, 15, 34, 1350, 39
9, 10, 16, 35, 1440, 41
9, 10, 17, 36, 1530, 42
9, 10, 18, 37, 1620, 43
9, 10, 19, 38, 1710, 45
9, 10, 20, 39, 1800, 46
9, 11, 12, 32, 1188, 37
9, 11, 31, 51, 3069, 60
9, 11, 14, 34, 1386, 40
9, 11, 15, 35, 1485, 42
9, 11, 16, 36, 1584, 44
9, 11, 17, 37, 1683, 45
9, 11, 18, 38, 1782, 46
9, 11, 19, 39, 1881, 48
9, 11, 20, 40, 1980, 49
9, 12, 31, 52, 3348, 64
9, 12, 14, 35, 1512, 43
9, 12, 15, 36, 1620, 45
9, 12, 16, 37, 1728, 46
9, 12, 17, 38, 1836, 48
9, 12, 18, 39, 1944, 49
9, 12, 19, 40, 2052, 51
9, 12, 20, 41, 2160, 52
9, 31, 14, 54, 3906, 72
9, 31, 15, 55, 4185, 76
9, 31, 16, 56, 4464, 79
9, 31, 17, 57, 4743, 83
9, 31, 18, 58, 5022, 86
9, 31, 19, 59, 5301, 89
9, 31, 20, 60, 5580, 93
9, 14, 15, 38, 1890, 49
9, 14, 16, 39, 2016, 51
9, 14, 17, 40, 2142, 53
9, 14, 18, 41, 2268, 55
9, 14, 19, 42, 2394, 57
9, 14, 20, 43, 2520, 58
9, 15, 16, 40, 2160, 54
9, 15, 17, 41, 2295, 55
9, 15, 18, 42, 2430, 57
9, 15, 19, 43, 2565, 59
9, 15, 20, 44, 2700, 61
9, 16, 17, 42, 2448, 58
9, 16, 18, 43, 2592, 60
9, 16, 19, 44, 2736, 62
9, 16, 20, 45, 2880, 64
9, 17, 18, 44, 2754, 62
9, 17, 19, 45, 2907, 64
9, 17, 20, 46, 3060, 66
9, 18, 19, 46, 3078, 66
9, 18, 20, 47, 3240, 68
9, 19, 20, 48, 3420, 71
10, 11, 12, 33, 1320, 40
10, 11, 31, 52, 3410, 65
10, 11, 14, 35, 1540, 44
10, 11, 15, 36, 1650, 45
10, 11, 16, 37, 1760, 47
10, 11, 17, 38, 1870, 49
10, 11, 18, 39, 1980, 50
10, 11, 19, 40, 2090, 52
10, 11, 20, 41, 2200, 53
10, 12, 31, 53, 3720, 70
10, 12, 14, 36, 1680, 46
10, 12, 15, 37, 1800, 48
10, 12, 16, 38, 1920, 50
10, 12, 17, 39, 2040, 52
10, 12, 18, 40, 2160, 54
10, 12, 19, 41, 2280, 55
10, 12, 20, 42, 2400, 57
10, 31, 14, 55, 4340, 78
10, 31, 15, 56, 4650, 83
10, 31, 16, 57, 4960, 87
10, 31, 17, 58, 5270, 90
10, 31, 18, 59, 5580, 94
10, 31, 19, 60, 5890, 98
10, 31, 20, 61, 6200, 101
10, 14, 15, 39, 2100, 53
10, 14, 16, 40, 2240, 56
10, 14, 17, 41, 2380, 58
10, 14, 18, 42, 2520, 60
10, 14, 19, 43, 2660, 61
10, 14, 20, 44, 2800, 63
10, 15, 16, 41, 2400, 58
10, 15, 17, 42, 2550, 60
10, 15, 18, 43, 2700, 62
10, 15, 19, 44, 2850, 64
10, 15, 20, 45, 3000, 66
10, 16, 17, 43, 2720, 63
10, 16, 18, 44, 2880, 65
10, 16, 19, 45, 3040, 67
10, 16, 20, 46, 3200, 69
10, 17, 18, 45, 3060, 68
10, 17, 19, 46, 3230, 70
10, 17, 20, 47, 3400, 72
10, 18, 19, 47, 3420, 72
10, 18, 20, 48, 3600, 75
10, 19, 20, 49, 3800, 77
11, 12, 31, 54, 4092, 75
11, 12, 14, 37, 1848, 49
11, 12, 15, 38, 1980, 52
11, 12, 16, 39, 2112, 54
11, 12, 17, 40, 2244, 56
11, 12, 18, 41, 2376, 57
11, 12, 19, 42, 2508, 59
11, 12, 20, 43, 2640, 61
11, 31, 14, 56, 4774, 85
11, 31, 15, 57, 5115, 89
11, 31, 16, 58, 5456, 94
11, 31, 17, 59, 5797, 98
11, 31, 18, 60, 6138, 102
11, 31, 19, 61, 6479, 106
11, 31, 20, 62, 6820, 110
11, 14, 15, 40, 2310, 57
11, 14, 16, 41, 2464, 60
11, 14, 17, 42, 2618, 62
11, 14, 18, 43, 2772, 64
11, 14, 19, 44, 2926, 66
11, 14, 20, 45, 3080, 68
11, 15, 16, 42, 2640, 62
11, 15, 17, 43, 2805, 65
11, 15, 18, 44, 2970, 67
11, 15, 19, 45, 3135, 69
11, 15, 20, 46, 3300, 71
11, 16, 17, 44, 2992, 68
11, 16, 18, 45, 3168, 70
11, 16, 19, 46, 3344, 72
11, 16, 20, 47, 3520, 74
11, 17, 18, 46, 3366, 73
11, 17, 19, 47, 3553, 75
11, 17, 20, 48, 3740, 77
11, 18, 19, 48, 3762, 78
11, 18, 20, 49, 3960, 80
11, 19, 20, 50, 4180, 83
12, 31, 14, 57, 5208, 91
12, 31, 15, 58, 5580, 96
12, 31, 16, 59, 5952, 100
12, 31, 17, 60, 6324, 105
12, 31, 18, 61, 6696, 109
12, 31, 19, 62, 7068, 114
12, 31, 20, 63, 7440, 118
12, 14, 15, 41, 2520, 61
12, 14, 16, 42, 2688, 64
12, 14, 17, 43, 2856, 66
12, 14, 18, 44, 3024, 68
12, 14, 19, 45, 3192, 70
12, 14, 20, 46, 3360, 73
12, 15, 16, 43, 2880, 66
12, 15, 17, 44, 3060, 69
12, 15, 18, 45, 3240, 72
12, 15, 19, 46, 3420, 74
12, 15, 20, 47, 3600, 76
12, 16, 17, 45, 3264, 72
12, 16, 18, 46, 3456, 75
12, 16, 19, 47, 3648, 77
12, 16, 20, 48, 3840, 80
12, 17, 18, 47, 3672, 78
12, 17, 19, 48, 3876, 80
12, 17, 20, 49, 4080, 83
12, 18, 19, 49, 4104, 83
12, 18, 20, 50, 4320, 86
12, 19, 20, 51, 4560, 89
31, 14, 15, 60, 6510, 108
31, 14, 16, 61, 6944, 113
31, 14, 17, 62, 7378, 119
31, 14, 18, 63, 7812, 124
31, 14, 19, 64, 8246, 128
31, 14, 20, 65, 8680, 133
31, 15, 16, 62, 7440, 120
31, 15, 17, 63, 7905, 125
31, 15, 18, 64, 8370, 130
31, 15, 19, 65, 8835, 135
31, 15, 20, 66, 9300, 140
31, 16, 17, 64, 8432, 131
31, 16, 18, 65, 8928, 137
31, 16, 19, 66, 9424, 142
31, 16, 20, 67, 9920, 148
31, 17, 18, 66, 9486, 143
31, 17, 19, 67, 10013, 149
31, 17, 20, 68, 10540, 155
31, 18, 19, 68, 10602, 155
31, 18, 20, 69, 11160, 161
31, 19, 20, 70, 11780, 168
14, 15, 16, 45, 3360, 74
14, 15, 17, 46, 3570, 77
14, 15, 18, 47, 3780, 80
14, 15, 19, 48, 3990, 83
14, 15, 20, 49, 4200, 85
14, 16, 17, 47, 3808, 81
14, 16, 18, 48, 4032, 84
14, 16, 19, 49, 4256, 86
14, 16, 20, 50, 4480, 89
14, 17, 18, 49, 4284, 87
14, 17, 19, 50, 4522, 90
14, 17, 20, 51, 4760, 93
14, 18, 19, 51, 4788, 93
14, 18, 20, 52, 5040, 96
14, 19, 20, 53, 5320, 100
15, 16, 17, 48, 4080, 85
15, 16, 18, 49, 4320, 88
15, 16, 19, 50, 4560, 91
15, 16, 20, 51, 4800, 94
15, 17, 18, 50, 4590, 91
15, 17, 19, 51, 4845, 95
15, 17, 20, 52, 5100, 98
15, 18, 19, 52, 5130, 98
15, 18, 20, 53, 5400, 101
15, 19, 20, 54, 5700, 105
16, 17, 18, 51, 4896, 96
16, 17, 19, 52, 5168, 99
16, 17, 20, 53, 5440, 102
16, 18, 19, 53, 5472, 103
16, 18, 20, 54, 5760, 106
16, 19, 20, 55, 6080, 110
17, 18, 19, 54, 5814, 107
17, 18, 20, 55, 6120, 111
17, 19, 20, 56, 6460, 115
18, 19, 20, 57, 6840, 120
